id,brand_primary,lex_label,lex_score,text_clean_base
11331,seguros bolivar,neg,-3.0,"demandamos de las tiendas d1 y a la arl seguros bol√≠var atender con urgencia el caso de deisy zapata, trabajadora lactante que denuncia hostigamiento y falta de atenci√≥n tras un accidente laboral. no permitiremos que el trabajo digno, la salud y la seguridad sean vulnerados. demandamos de las tiendas d1 y a la arl seguros bol√≠var atender con urgencia el caso de deisy zapata, trabajadora lactante que denuncia hostigamiento y falta de atenci√≥n tras un accidente laboral. no permitiremos que el trabajo digno, la salud y la seguridad sean vulnerados."
6027,fiduciaria previsora,neg,-2.625,ya salio el estupido griton del ministro de salud a decir que ni el ni el indigno tienen la culpa y que la culpa es de la previsora quien la escogio? por que la de ision apurada sin estar listos?? ineptos petro y el estupido griton ya salio el estupido griton del ministro de salud a decir que ni el ni el indigno tienen la culpa y que la culpa es de la previsora quien la escogio? por que la de ision apurada sin estar listos?? ineptos petro y el estupido griton
2685,,neg,-2.188,"bodeguero inepto, bruto y ignorante. se llama la previsora. bodeguero inepto, bruto y ignorante. se llama la previsora."
598,mapfre,neg,-1.875,"""es un precedente hist√≥rico para la ingenier√≠a del pa√≠s"": c√°mara colombiana de infraestructura sobre fallo que exime a constructores de la contingencia de hidroituango ...resolver√≠a a trav√©s de un arbitraje. en este mecanismo de resoluci√≥n de conflictos, las partes en disputa deciden que en lugar de ir a un juez o a un tribunal estatal se someter√°n a un grupo de √°rbitros. aunque desde 2019 la aseguradora mapfre empez√≥ a pagar el..."
12041,,neg,-1.5,llevo 20 dias con el carro siniestrado por el furgon de ustedes de placa tly786 que se quedo sin frenos nadie responde ha dilatado la respuesta entonces ustedes deben responder directamente sin embargo no quieren hacerlo llevo 20 dias con el carro siniestrado por el furgon de ustedes de placa tly786 que se quedo sin frenos nadie responde ha dilatado la respuesta entonces ustedes deben responder directamente sin embargo no quieren hacerlo
1825,sura,neg,-1.5,"la rama chilena de seguros sura decidi√≥ migrar sus centros de datos a la nube de oracle, con lo que gan√≥ un 75 % en rendimiento y redujo en un 35 % los costos de propiedad. ¬øpensando en transformaci√≥n digital? oracle la rama chilena de seguros sura decidi√≥ migrar sus centros de datos a la nube de oracle, con lo que gan√≥ un 75 % en rendimiento y redujo en un 35 % los costos de propiedad. ¬øpensando en transformaci√≥n digital? oracle"
12955,,neg,-1.5,se√±ores de axa su servicio todo riesgo es de lo peor. 4 horas esperando un servicio de gr√∫a para que al final pidan que uno lo busque porque est√°n congestionados. un servicio en bogot√°! p√©simo se√±ores de axa su servicio todo riesgo es de lo peor. 4 horas esperando un servicio de gr√∫a para que al final pidan que uno lo busque porque est√°n congestionados. un servicio en bogot√°! p√©simo
4430,,neg,-1.343,"la peor aseguradora nunca la usado en mis casi dos a√±os y primera vez que la voy usar y no me pueden atender qu√© porquer√≠a, no vuelvo a contratar con uds la peor aseguradora nunca la usado en mis casi dos a√±os y primera vez que la voy usar y no me pueden atender qu√© porquer√≠a, no vuelvo a contratar con uds"
1506,,neg,-1.1300000000000001,ustedes no le dan solucion son unos estafadores tramposos pusieron un audio falso y jamas en el audio menciona que se le acepto ese seguro y eso es grave y vamos a escalar este robo para que los sancionen como debe ser ustedes no le dan solucion son unos estafadores tramposos pusieron un audio falso y jamas en el audio menciona que se le acepto ese seguro y eso es grave y vamos a escalar este robo para que los sancionen como debe ser
5568,sura,neg,-1.042,"y raro que seguros sura se ponga a falsificar una historia cl√≠nica, si normalmente llegan es de lo que les hace la misma cl√≠nica o el m√©dico tratante que son personas diferentes y raro que seguros sura se ponga a falsificar una historia cl√≠nica, si normalmente llegan es de lo que les hace la misma cl√≠nica o el m√©dico tratante que son personas diferentes"
11153,,neg,-0.975,"hola, env√≠a un reclamo a la empresa: tendr√° 15 d√≠as h√°biles para responder, si no est√°s de acuerdo con la respuesta, reg√≠strate y presenta tu demanda: conoce m√°s sobre el proceso: feliz d√≠a. hola, env√≠a un reclamo a la empresa: tendr√° 15 d√≠as h√°biles para responder, si no est√°s de acuerdo con la respuesta, reg√≠strate y presenta tu demanda: conoce m√°s sobre el proceso: feliz d√≠a."
3959,,neg,-0.9,cosas tan simples como actualizar datos y dicen que responden la solicitud en 15 d√≠as? muy mal en tecnolog√≠a cosas tan simples como actualizar datos y dicen que responden la solicitud en 15 d√≠as? muy mal en tecnolog√≠a
13902,mapfre,neg,-0.584,"galer√≠a de tocando ligeramente la tierra: c√≥mo liberar el plano del suelo configura la atm√≥sfera arquitect√≥nica imagen 1 de 41 de la galer√≠a de tocando ligeramente la tierra: c√≥mo liberar el plano del suelo configura la atm√≥sfera arquitect√≥nica. camposanto mapfre chiclayo, monsef√∫ / territorial. imagen ¬© cristobal palma ‚úï"
3934,,neg,-0.5,pasarnos a arl es lo peor que hemos podido hacer este a√±o. que gonorrea. pasarnos a arl es lo peor que hemos podido hacer este a√±o. que gonorrea.
11773,,neg,-0.5,"llevan 4 d√≠as en falta de respuesta y soluciones a est√°s fallas, miles de personas esperando sus tr√°mites. por parte de no hubo divulgaci√≥n de estos cambios. que irresponsables!!! llevan 4 d√≠as en falta de respuesta y soluciones a est√°s fallas, miles de personas esperando sus tr√°mites. por parte de no hubo divulgaci√≥n de estos cambios. que irresponsables!!!"
1087,,neg,-0.5,"pilas cuchos mayores de 50, hablen con su m√©dico personal, la vacunaüíâdel herpes z√≥ster shingrix, culebrilla, es importante, son 2 dosis. gracias pilas cuchos mayores de 50, hablen con su m√©dico personal, la vacunaüíâdel herpes z√≥ster shingrix, culebrilla, es importante, son 2 dosis. gracias"
6758,,neg,-0.437,"la democracia con imaginaci√≥n ...apoyo del grupo sura. en su prolongada historia, una de sus reinvenciones m√°s significativas fue la experimentada en su tr√°nsito a la modernidad, despu√©s de siglos de apagamiento. la democracia de los..."
11758,seguros bolivar,neg,-0.403,"seguros bol√≠var y generali crearon una alianza para generar un trato de reasegurador seguros bol√≠var y generali crearon una alianza para generar un trato de reasegurador. el acuerdo ser√° gestionado por generali global corporate & commercial, la unidad de negocio del grupo generali de seguros a empresas medianas y grandes. este acuerdo de..."
6427,mapfre,neg,-0.403,"un estudio revela las fallas en el dise√±o y la construcci√≥n de hidroituango ...certificando quien habla por las reaseguradoras"". precis√≥ que mapfre es la compa√±√≠a de seguros que tiene la cobertura global por 2.500 millones de d√≥lares y que tiene unos reaseguradores. ""suramericana la reasegura en un 13 % y el pool de empresas..."
4224,,neg,-0.38800000000000007,estoy muy molesto con por la falsa publicidad que me hace en su plataforma porque yo tengo cuenta con ellos. el soat me lo ofreci√≥ con una valor √≠nteresante pero me descuenta un valor superior y no me ha contestado a√∫n para que me estoy muy molesto con por la falsa publicidad que me hace en su plataforma porque yo tengo cuenta con ellos. el soat me lo ofreci√≥ con una valor √≠nteresante pero me descuenta un valor superior y no me ha contestado a√∫n para que me
5471,,neg,-0.375,"empresas de pereira invertir√°n $15 mil millones en planta de tratamiento de anserma la patria | manizales la concesi√≥n autopistas del caf√© y tres empresas de pereira (partes y complementos pl√°sticos, la importadora de llantas reencaf√© y el grupo sura regional risaralda) invertir√°n un total de $15 mil millones en anserma (caldas). el..."
12443,,neg,-0.375,"y resp√≥ndaaaan a los usuarios que estafando haciendo un descuento sin autorizaci√≥n a trav√©s de una plataforma ""servicios bolivar"" por valor de $26.009. estafadores y resp√≥ndaaaan a los usuarios que estafando haciendo un descuento sin autorizaci√≥n a trav√©s de una plataforma ""servicios bolivar"" por valor de $26.009. estafadores"
2116,,neg,-0.375,"¬°cinco tips para emprender! ..., la fundaci√≥n bavaria, el grupo sura y el failure institute, en el que participaron 324 emprendedores, encontrando las causas de cierre m√°s comunes de las startups, para cada una de las cuales les tengo un tip. el primer motivo es el factor financiero, la..."
11689,,neg,-0.375,la mediocridad por delante los de hacen un cambio de plataforma tecnologica y no miden el impacto para sus afiliados üò°üò°üò°üò°üò° la plata primero? üí∏üí∏üí∏ se√±or ministro de es hora de remover a eso triple mediocres directivos la mediocridad por delante los de hacen un cambio de plataforma tecnologica y no miden el impacto para sus afiliados üò°üò°üò°üò°üò° la plata primero? üí∏üí∏üí∏ se√±or ministro de es hora de remover a eso triple mediocres directivos
5095,,neg,-0.37000000000000005,yo llevaba mi perro a mi vete veterinaria ubicada en la calle 134d # 45-29 despu√©s de varias ocasiones de verlo llevado all√° a guarder√≠a y ba√±o asignado por axa colpatria seguro que pago por el perro me lo entregaron con una lesi√≥n en la pierna y nunca respondieron yo llevaba mi perro a mi vete veterinaria ubicada en la calle 134d # 45-29 despu√©s de varias ocasiones de verlo llevado all√° a guarder√≠a y ba√±o asignado por axa colpatria seguro que pago por el perro me lo entregaron con una lesi√≥n en la pierna y nunca respondieron
11864,,neg,-0.313,"estoy igual, no se puede descargar certificado ni conseguir comunicaci√≥n estoy igual, no se puede descargar certificado ni conseguir comunicaci√≥n"
9496,,neg,-0.29700000000000004,"descubra al irreverente artista luciano jaramillo en este libro de lujo ...luciano jaramillo: pintura y dibujo , que acaban de lanzar el banco davivienda y seguros bol√≠var. y es que para esta publicaci√≥n especial, en la que se recorre la obra de este artista que naci√≥ en 1938 y falleci√≥ en 1985, el equipo encargado hizo un..."
9418,liberty seguros,neg,-0.285,"inicie el a√±o evitando fraudes al adquirir seguros y p√≥lizas ...prima, sino que suelen enterarse de que est√°n desprotegidos al momento de tener un siniestro, que es cuando m√°s necesitan tener ese respaldo"", se√±ala c√©sar rodr√≠guez, country manager de liberty seguros colombia. a la hora de contratar un seguro, liberty..."
11202,,neg,-0.25,"la fundaci√≥n santa fe de bogot√° les inform√≥ a los profesores afiliados al magisterio que, a partir del pr√≥ximo 31 de julio, ya no les prestar√° servicios m√©dicos a los maestros por cuenta de la finalizaci√≥n de los contratos con la fiduprevisora. ""lamentamos informarles que, a partir del 31 de julio, se termina el contrato con fiduciaria la previsora, por lo que no es posible continuar con la atenci√≥n a los afiliados al magisterio"", se lee en la misiva. la fundaci√≥n santa fe de bogot√° les inform√≥ a los profesores afiliados al magisterio que, a partir del pr√≥ximo 31 de julio, ya no les prestar√° servicios m√©dicos a los maestros por cuenta de la finalizaci√≥n de los contratos con la fiduprevisora. ""lamentamos informarles que, a partir del 31 de julio, se termina el contrato con fiduciaria la..."
11790,,neg,-0.25,se√±ores ustedes porque niegan la carta de reciprocidad que solicite para me hiciera los arreglos pese a ustedes tener un convenio se√±ores ustedes porque niegan la carta de reciprocidad que solicite para me hiciera los arreglos pese a ustedes tener un convenio
